config,f1
1번,0.9999999994996496
2번,0.9999999994996496
3번,0.9999999994996496
4번,0.9999999994996496
5번,0.9999999994996496
6번,0.9999999994996496
7번,0.9999999994996496
8번,0.9999999994996496
9번,0.9999999994996496
10번,0.9999999994996496
11번,0.9999999994996496
12번,0.9999999994996496
12번,0.9999999994996496
13번,0.9999999994996496
14번,0.9999999994996496
